{
  "model_type": "weighted",
  "overall_accuracy": 0.9383500671386719,
  "confusion_matrix": [
    [
      24554473,
      287244,
      69586,
      47627,
      1198324
    ],
    [
      8,
      8976,
      1387,
      4779,
      532
    ],
    [
      0,
      0,
      425,
      46,
      35
    ],
    [
      0,
      144,
      31,
      430,
      3
    ],
    [
      627,
      798,
      3915,
      1030,
      33980
    ]
  ],
  "confusion_matrix_normalized": [
    [
      0.9387251811677174,
      0.010981427943468378,
      0.002660294540092014,
      0.0018207951033392114,
      0.04581230124538302
    ],
    [
      0.0005101390128810101,
      0.5723759724524933,
      0.08844535135824512,
      0.30474429281979337,
      0.03392424435658717
    ],
    [
      0.0,
      0.0,
      0.8399209486166008,
      0.09090909090909091,
      0.0691699604743083
    ],
    [
      0.0,
      0.23684210526315788,
      0.05098684210526316,
      0.7072368421052632,
      0.004934210526315789
    ],
    [
      0.015539033457249071,
      0.019776951672862454,
      0.09702602230483272,
      0.02552664188351921,
      0.8421313506815366
    ]
  ],
  "total_voxels": 26214400,
  "class_distribution_true": {
    "class_0": 26157254,
    "class_1": 15682,
    "class_2": 506,
    "class_3": 608,
    "class_4": 40350
  },
  "class_distribution_pred": {
    "class_0": 24555108,
    "class_1": 297162,
    "class_2": 75344,
    "class_3": 53912,
    "class_4": 1232874
  },
  "per_class_metrics": {
    "class_0": {
      "recall": 0.9387251811677174,
      "precision": 0.9999741398001589,
      "f1_score": 0.9683821471380094,
      "support": 26157254
    },
    "class_1": {
      "recall": 0.5723759724524933,
      "precision": 0.030205746360571002,
      "f1_score": 0.05738323253762258,
      "support": 15682
    },
    "class_2": {
      "recall": 0.8399209486166008,
      "precision": 0.005640794223826715,
      "f1_score": 0.011206328279499012,
      "support": 506
    },
    "class_3": {
      "recall": 0.7072368421052632,
      "precision": 0.007975960825048227,
      "f1_score": 0.01577402787967718,
      "support": 608
    },
    "class_4": {
      "recall": 0.8421313506815366,
      "precision": 0.027561616191111176,
      "f1_score": 0.05337631084553857,
      "support": 40350
    }
  }
}