{
  "overall_accuracy": 0.11619632720947265,
  "confusion_matrix": [
    [
      2992230,
      18185916,
      0,
      401,
      4978707
    ],
    [
      0,
      14312,
      0,
      0,
      1370
    ],
    [
      0,
      155,
      0,
      0,
      351
    ],
    [
      0,
      492,
      0,
      0,
      116
    ],
    [
      0,
      875,
      0,
      0,
      39475
    ]
  ],
  "confusion_matrix_normalized": [
    [
      0.11439388859396327,
      0.6952532555596241,
      0.0,
      1.5330355395868388e-05,
      0.19033752549101676
    ],
    [
      0.0,
      0.912638694044127,
      0.0,
      0.0,
      0.08736130595587298
    ],
    [
      0.0,
      0.30632411067193677,
      0.0,
      0.0,
      0.6936758893280632
    ],
    [
      0.0,
      0.8092105263157895,
      0.0,
      0.0,
      0.19078947368421054
    ],
    [
      0.0,
      0.02168525402726146,
      0.0,
      0.0,
      0.9783147459727385
    ]
  ],
  "total_voxels": 26214400,
  "class_distribution_true": {
    "class_0": 26157254,
    "class_1": 15682,
    "class_2": 506,
    "class_3": 608,
    "class_4": 40350
  },
  "class_distribution_pred": {
    "class_0": 2992230,
    "class_1": 18201750,
    "class_2": 0,
    "class_3": 401,
    "class_4": 5020019
  }
}