{
  "train_losses": [
    0.6555532107890492,
    0.3091684407751325,
    0.26314123457586264,
    0.2406860892201813,
    0.22554287209477222,
    0.21392794037368937,
    0.20386004028185992,
    0.19844896713612784,
    0.19214602150547672,
    0.18694764795437666
  ],
  "val_losses": [
    0.3514637015759945,
    0.2918124571442604,
    0.2742469534277916,
    0.2354282159358263,
    0.22659198194742203,
    0.22194582037627697,
    0.21405933238565922,
    0.233614943921566,
    0.20655454881489277,
    0.20833447575569153
  ],
  "epochs": [
    1,
    2,
    3,
    4,
    5,
    6,
    7,
    8,
    9,
    10
  ]
}