{
  "train_losses": [
    1.4036694037998823,
    1.0677126498087077,
    0.8864937855842265,
    0.784841630475741,
    0.7217455810688912,
    0.6754399588767518,
    0.6329787775134363,
    0.6004534959793091,
    0.5665835636727353,
    0.5409097067007782,
    0.5150850115092933,
    0.4961665152235234,
    0.446028341426917,
    0.42371064509060363,
    0.4077452116824211,
    0.39612286754533754,
    0.3716155098262408,
    0.361219677519291,
    0.3551167256020485,
    0.3477572633865032,
    0.33391452173814706,
    0.32865377224928943,
    0.32429022780546907,
    0.32056083725699297
  ],
  "val_losses": [
    1.2165227755904198,
    0.9489254988729954,
    0.835539449006319,
    0.7938710376620293,
    0.824191402643919,
    0.726716622710228,
    0.7337850071489811,
    0.7202615551650524,
    0.725295752286911,
    0.7837884649634361,
    0.7918465957045555,
    0.7692989036440849,
    0.8357460089027882,
    0.8358299881219864,
    0.8586180210113525,
    0.8973078057169914,
    0.942593589425087,
    0.9733868315815926,
    0.9849948063492775,
    1.0104132369160652,
    1.0725769810378551,
    1.0873001292347908,
    1.1216249354183674,
    1.1115385591983795
  ],
  "epochs": [
    1,
    2,
    3,
    4,
    5,
    6,
    7,
    8,
    9,
    10,
    11,
    12,
    13,
    14,
    15,
    16,
    17,
    18,
    19,
    20,
    21,
    22,
    23,
    24
  ]
}